epoch,loss
1,6.896604573951577
2,4.677304883610527
3,3.3371571420498616
4,2.4862805148059466
5,1.9657314833042756
6,1.6358324003950604
7,1.4157621570915546
8,1.2569308440499711
9,1.1414101513208084
10,1.051393220376856
11,0.9775161256767669
12,0.9222840708944032
13,0.8677379198653518
14,0.8220538110384401
15,0.7912783746800895
16,0.7593942950567547
17,0.7313956491086843
18,0.708176232241797
19,0.6865449011817856
20,0.6701917875347272
