epoch,loss
1,7.875634961146225
2,7.4010876311811025
3,7.349017137525503
4,7.32534397519274
5,7.3138475665586045
