epoch,loss
1,6.96968799901461
2,4.797043925664286
3,3.850541659646366
4,3.370834591472334
5,3.098396458181586
6,2.9257290912401133
7,2.806105516161159
8,2.7233107593842387
9,2.6526841601124436
10,2.602195006804332
11,2.5603707250745353
12,2.5249733117341036
13,2.495410396354921
14,2.4687814170290094
15,2.4492200020060175
16,2.4378147869016877
17,2.423133808556064
18,2.399092141206817
19,2.397495202664468
20,2.381906578292649
