epoch,loss
1,7.068273317796054
2,4.600712925364975
3,3.090771349128586
4,2.3500517728617374
5,1.9693307396364141
6,1.73015804299681
7,1.5679805805775795
8,1.4454999174950547
9,1.3608057335397765
10,1.2918386231445234
