epoch,loss
1,8.091339343349365
2,7.3485407755895285
3,7.185257552904955
4,7.091920168118162
5,7.026742865696146
6,6.9773939363714685
7,6.9380216001425765
8,6.905438229159509
9,6.877771237154347
10,6.853757355794465
