epoch,loss
1,8.856492041157606
2,7.989325776663506
3,7.854495398041514
4,7.808473526583429
5,7.797958448146351
6,7.789220672053053
7,7.784281465956096
8,7.782998926094267
9,7.783036794633447
10,7.778478954808258
