epoch,loss
1,6.930930337598247
2,4.776536375818287
3,3.38886963765681
4,2.446940071551461
5,1.8564191078199708
6,1.4820193370610582
7,1.2311339292190124
8,1.0571717771578006
9,0.9329014368524403
10,0.8348013460280078
