epoch,loss
1,6.832761652168187
2,4.636817042855011
3,3.6076200298879337
4,3.036258055149824
5,2.7002513285340934
6,2.4849135730458403
7,2.3451117789608307
8,2.242336663432505
9,2.156366296746265
10,2.097157795127781
11,2.0418805844482333
12,2.006977869587383
13,1.9624187490035747
14,1.933310489270879
15,1.9027703808641983
16,1.8890659104818586
17,1.8746956519696905
18,1.8525106161490255
19,1.8399928617751462
20,1.8158852721082752
