epoch,loss
1,7.994209418218259
2,7.339776287519487
3,7.233046481384063
4,7.191054579029253
5,7.164121744556423
6,7.146397311993111
7,7.136338892905826
8,7.128399256435539
9,7.124959344237259
10,7.121290882119986
11,7.119542070329923
12,7.115871488946425
13,7.117251106429069
14,7.114102432209081
15,7.113965463015284
16,7.113184179462418
17,7.114333725679871
18,7.111905878182953
19,7.113419521218379
20,7.11155923373138
