epoch,loss
1,6.930930337598247
2,4.776536375818287
3,3.38886963765681
4,2.446940071551461
5,1.8564191078199708
6,1.4820193370610582
7,1.2311339292190124
8,1.0571717771578006
9,0.9329014368524403
10,0.8348013460280078
11,0.7592636926128588
12,0.6960874986762499
13,0.649878953164054
14,0.6065941572616604
15,0.5740848954148332
16,0.5395262691780942
17,0.516669849946365
18,0.493170105926737
19,0.47460233896365445
20,0.46418457698152626
