epoch,loss
1,6.969687768136584
2,4.797042652270519
3,3.8505396042286906
4,3.3708322451264094
5,3.098394355258426
6,2.925728618241782
7,2.8061198392361315
8,2.723246251186329
9,2.653100862387887
10,2.603689606810795
